Age,Salary,Department_HR,Department_IT
-0.6060915267313265,-0.6527533657682196,1.0,0.0
0.40406101782088427,0.09325048082403138,0.0,1.0
-1.212183053462653,-1.025755289064345,0.0,0.0
1.4142135623730951,1.5852581740085334,0.0,1.0
